id,text,label
1,AI is used in healthcare to analyze medical images and assist doctors.,Applications
2,Researchers warn that AI can spread misinformation if not regulated.,Risks
3,Using AI to monitor employees raises questions about privacy rights.,Ethics
4,Experts believe AI will revolutionize transportation in the next decade.,Future Trends
5,Chatbots powered by AI are transforming customer service.,Applications
6,Deepfake technology can be misused for fraud and scams.,Risks
7,Governments debate how to regulate AI fairly across industries.,Ethics
8,AI is expected to accelerate scientific discoveries in physics.,Future Trends
9,AI tools are helping farmers monitor crop health and improve yield.,Applications
10,Some fear AI will replace many human jobs in the near future.,Risks
11,AI can assist teachers in personalizing student learning plans.,Applications
12,Bias in AI systems can lead to unfair hiring practices.,Risks
13,AI-driven surveillance raises concerns about mass monitoring.,Ethics
14,Future AI may enable fully autonomous factories.,Future Trends
15,AI is improving fraud detection in banking systems.,Applications
16,Malicious actors could weaponize AI in cyberattacks.,Risks
17,Ethical frameworks are needed to guide AI in medicine.,Ethics
18,AI will play a key role in developing smart cities.,Future Trends
19,AI algorithms help e-commerce platforms recommend products.,Applications
20,Job displacement due to AI is a growing societal concern.,Risks
21,AI enhances logistics by optimizing delivery routes.,Applications
22,AI hallucinations in chatbots risk misleading users.,Risks
23,Questions arise about who is accountable for AI-driven mistakes.,Ethics
24,AI will shape the development of next-generation robotics.,Future Trends
25,AI improves renewable energy management through smart grids.,Applications
26,Lack of transparency in AI models threatens trust in technology.,Risks
27,Ethical debates continue about AI decision-making in warfare.,Ethics
28,AI will advance space exploration through autonomous rovers.,Future Trends
29,AI language models support multilingual communication globally.,Applications
30,Facial recognition AI can be abused for unlawful surveillance.,Risks
31,AI can detect diseases early from genetic data analysis.,Applications
32,Unregulated AI use in finance could destabilize markets.,Risks
33,AI raises concerns over data privacy and user consent.,Ethics
34,AI may create new jobs in fields like prompt engineering.,Future Trends
35,AI supports creative industries by generating music and art.,Applications
36,The rise of autonomous vehicles powered by AI seems inevitable.,Future Trends
37,Overreliance on AI could weaken human critical thinking skills.,Risks
38,Legal experts discuss liability for harm caused by AI systems.,Ethics
39,AI promises breakthroughs in personalized cancer treatments.,Applications
40,AI assistants will likely become integrated into daily life.,Future Trends
41,AI-powered virtual reality creates immersive training environments.,Applications
42,Algorithmic trading could trigger unexpected market crashes.,Risks
43,Should AI systems have the right to make life-or-death decisions?,Ethics
44,Quantum computing will exponentially enhance AI capabilities.,Future Trends
45,AI helps meteorologists predict weather patterns more accurately.,Applications
46,Social media algorithms can manipulate public opinion dangerously.,Risks
47,AI developers must consider fairness across different demographic groups.,Ethics
48,Brain-computer interfaces will merge human cognition with AI.,Future Trends
49,AI streamlines drug discovery by analyzing molecular interactions.,Applications
50,Adversarial attacks can fool AI systems into making wrong decisions.,Risks
51,Who owns the intellectual property created by AI systems?,Ethics
52,AI will enable real-time language translation in conversations.,Future Trends
53,Smart home devices use AI to learn user preferences automatically.,Applications
54,AI-generated content makes it harder to distinguish truth from fiction.,Risks
55,Medical AI systems need transparent explanations for their diagnoses.,Ethics
56,Future AI may possess general intelligence comparable to humans.,Future Trends
57,AI assists archaeologists in analyzing historical artifacts and sites.,Applications
58,Deepfake audio technology threatens identity verification systems.,Risks
59,AI researchers debate the moral status of advanced artificial beings.,Ethics
60,AI will revolutionize materials science through automated experimentation.,Future Trends
61,Natural language processing helps analyze customer feedback at scale.,Applications
62,AI systems trained on biased data perpetuate societal inequalities.,Risks
63,Democratic societies must balance AI innovation with citizen rights.,Ethics
64,AI will enable personalized nutrition based on individual genetics.,Future Trends
65,Computer vision AI monitors manufacturing quality in real-time.,Applications
66,Autonomous weapons raise unprecedented ethical and security concerns.,Risks
67,AI governance requires international cooperation and shared standards.,Ethics
68,Virtual AI companions will provide emotional support for lonely individuals.,Future Trends
69,AI-powered robots assist elderly people with daily living tasks.,Applications
70,Privacy violations occur when AI analyzes personal data without consent.,Risks
71,Should AI systems be programmed with specific moral frameworks?,Ethics
72,AI will accelerate the development of fusion energy technology.,Future Trends
73,Machine learning optimizes supply chain management across industries.,Applications
74,AI decision-making lacks the nuance of human moral reasoning.,Risks
75,Ensuring AI safety requires proactive regulation before widespread deployment.,Ethics
76,AI tutors will provide personalized education to students worldwide.,Future Trends
77,Predictive AI models help prevent equipment failures in manufacturing.,Applications
78,AI surveillance systems could enable authoritarian control over populations.,Risks
79,The development of AI should include diverse voices and perspectives.,Ethics
80,AI will transform mental healthcare through continuous behavioral monitoring.,Future Trends
81,AI-enhanced microscopy accelerates biological research discoveries.,Applications
82,Malicious use of AI could undermine democratic election processes.,Risks
83,AI systems must be designed to respect human autonomy and dignity.,Ethics
84,Future AI may help solve climate change through innovative solutions.,Future Trends
85,Voice recognition AI enables hands-free control of digital devices.,Applications
86,AI algorithms can amplify existing social biases in hiring decisions.,Risks
87,Ethical AI development requires transparency in algorithmic processes.,Ethics
88,AI will enable new forms of human-machine collaborative creativity.,Future Trends
89,AI-powered drones monitor wildlife populations for conservation efforts.,Applications
90,Unchecked AI development could lead to unintended consequences.,Risks
91,AI researchers have a responsibility to consider societal impacts.,Ethics
92,AI will facilitate breakthroughs in understanding consciousness itself.,Future Trends
93,Recommendation algorithms help users discover relevant content online.,Applications
94,AI-powered misinformation campaigns threaten democratic discourse.,Risks
95,AI systems should be auditable and explainable to affected parties.,Ethics
96,AI will enable seamless integration between physical and digital worlds.,Future Trends
97,AI assists financial advisors in creating personalized investment strategies.,Applications
98,Algorithmic discrimination can deny opportunities to marginalized groups.,Risks
99,AI governance frameworks must adapt to rapidly evolving technology.,Ethics
100,"AI will fundamentally reshape how humans work, learn, and interact.",Future Trends
101,AI-powered prosthetics enable amputees to control limbs with thought.,Applications
102,Autonomous AI systems could malfunction without human oversight.,Risks
103,AI development should prioritize human welfare over technological advancement.,Ethics
104,AI will enable real-time emotional recognition in social interactions.,Future Trends
105,Machine learning algorithms optimize energy consumption in smart buildings.,Applications
106,AI-generated fake reviews can manipulate consumer purchasing decisions.,Risks
107,The use of AI in criminal justice systems raises fairness concerns.,Ethics
108,AI will revolutionize drug testing through virtual clinical trials.,Future Trends
109,Natural language AI helps translate legal documents across languages.,Applications
110,Deepfake technology threatens the integrity of video evidence in courts.,Risks
111,AI systems must be held to the same ethical standards as human professionals.,Ethics
112,Future AI may develop its own forms of creativity and artistic expression.,Future Trends
113,AI-powered sensors monitor air quality in urban environments.,Applications
114,Machine learning models can be poisoned with malicious training data.,Risks
115,AI researchers should engage with ethicists throughout the development process.,Ethics
116,AI will enable precise genetic editing through automated laboratory systems.,Future Trends
117,Computer vision helps radiologists detect subtle abnormalities in scans.,Applications
118,AI systems may develop unexpected behaviors that humans cannot predict.,Risks
119,The concentration of AI power in few companies poses democratic risks.,Ethics
120,AI will facilitate communication with other species through pattern recognition.,Future Trends
121,AI assists archaeologists in reconstructing damaged historical texts.,Applications
122,Algorithmic trading bots could create cascading financial system failures.,Risks
123,AI decision-making should remain subject to human review and appeal.,Ethics
124,AI will enable personalized medicine based on individual molecular profiles.,Future Trends
125,Speech recognition AI helps people with disabilities access technology.,Applications
126,AI surveillance systems could be hacked and used for malicious purposes.,Risks
127,AI systems should be designed to enhance rather than replace human judgment.,Ethics
128,AI will transform entertainment through interactive and personalized content.,Future Trends
129,AI-powered satellites monitor deforestation and environmental changes.,Applications
130,Social credit systems using AI can create oppressive surveillance states.,Risks
131,AI developers have a duty to consider long-term societal consequences.,Ethics
132,AI will enable new forms of scientific collaboration across global networks.,Future Trends
133,Machine learning improves predictive maintenance in industrial equipment.,Applications
134,AI systems trained on historical data may perpetuate past injustices.,Risks
135,The development of AGI requires careful consideration of existential risks.,Ethics
136,AI will accelerate the discovery of new materials for renewable energy.,Future Trends
137,AI chatbots provide mental health support in underserved communities.,Applications
138,Adversarial examples can cause AI systems to make dangerous mistakes.,Risks
139,AI governance requires input from affected communities and stakeholders.,Ethics
140,AI will enable new forms of human augmentation and enhancement.,Future Trends
141,AI algorithms optimize traffic flow in smart transportation systems.,Applications
142,Generative AI could flood the internet with low-quality synthetic content.,Risks
143,AI systems should be designed with human dignity and autonomy in mind.,Ethics
144,AI will transform education through adaptive and immersive learning experiences.,Future Trends
145,AI-powered robots assist in disaster response and emergency situations.,Applications
146,AI weapons systems could lower the threshold for armed conflict.,Risks
147,International cooperation is essential for responsible AI development.,Ethics
148,AI will enable new forms of democratic participation and civic engagement.,Future Trends
149,AI helps optimize water usage in precision agriculture systems.,Applications
150,AI-generated misinformation campaigns could undermine public health efforts.,Risks
151,AI systems should be transparent about their limitations and uncertainties.,Ethics
152,AI will facilitate breakthrough discoveries in quantum physics research.,Future Trends
153,Natural language processing analyzes patient feedback to improve healthcare.,Applications
154,AI bias in loan approval systems can perpetuate economic inequality.,Risks
155,AI development should include diverse perspectives from global communities.,Ethics
156,AI will enable seamless brain-machine interfaces for paralyzed patients.,Future Trends
157,AI-powered drones deliver medical supplies to remote locations.,Applications
158,Malicious actors could use AI to create sophisticated phishing attacks.,Risks
159,AI systems must respect cultural values and societal norms.,Ethics
160,AI will revolutionize manufacturing through self-organizing production systems.,Future Trends
161,Machine learning algorithms detect fraud in insurance claims processing.,Applications
162,AI decision-making systems may lack the empathy required for human services.,Risks
163,AI researchers should consider the distributional effects of their innovations.,Ethics
164,AI will enable new forms of artistic collaboration between humans and machines.,Future Trends
165,AI vision systems help blind individuals navigate complex environments.,Applications
166,Deepfake audio could be used for identity theft and financial fraud.,Risks
167,AI systems should be subject to regular audits and accountability measures.,Ethics
168,AI will transform scientific publishing through automated peer review systems.,Future Trends
169,AI algorithms optimize resource allocation in humanitarian aid distribution.,Applications
170,AI surveillance could chill free speech and political dissent.,Risks
171,The benefits of AI should be distributed equitably across society.,Ethics
172,AI will enable new forms of personalized entertainment and media consumption.,Future Trends
173,AI-powered sensors monitor structural integrity of bridges and buildings.,Applications
174,AI systems could be manipulated to serve the interests of powerful elites.,Risks
175,AI development should prioritize sustainability and environmental protection.,Ethics
176,AI will facilitate new discoveries in astronomy through automated data analysis.,Future Trends
177,Machine learning helps optimize vaccine distribution during health emergencies.,Applications
178,AI-generated propaganda could polarize societies and undermine democracy.,Risks
179,AI systems should be designed to promote human flourishing and well-being.,Ethics
180,AI will enable new forms of personalized nutrition and health optimization.,Future Trends
181,AI algorithms analyze satellite imagery to track illegal logging activities.,Applications
182,Autonomous AI systems could make decisions that humans cannot understand or control.,Risks
183,AI governance frameworks must balance innovation with precautionary principles.,Ethics
184,AI will transform urban planning through predictive modeling and simulation.,Future Trends
185,AI-powered translation tools break down language barriers in global communication.,Applications
186,AI systems trained on biased datasets can amplify societal prejudices.,Risks
187,The development of AI should involve public participation and democratic oversight.,Ethics
188,AI will enable new forms of environmental monitoring and conservation efforts.,Future Trends
189,AI assists in the restoration of damaged ecosystems through species modeling.,Applications
190,AI-powered disinformation campaigns could destabilize international relations.,Risks
191,AI systems should be designed to respect privacy and data protection rights.,Ethics
192,AI will revolutionize space exploration through autonomous mission planning.,Future Trends
193,Machine learning algorithms optimize energy distribution in smart power grids.,Applications
194,AI systems could become too complex for humans to maintain or repair.,Risks
195,AI development requires ongoing dialogue between technologists and society.,Ethics
196,AI will enable new forms of collaborative problem-solving across disciplines.,Future Trends
197,AI-powered tools help journalists fact-check information in real-time.,Applications
198,AI could create new forms of addiction through hyper-personalized content.,Risks
199,AI systems should be designed with built-in safeguards against misuse.,Ethics
200,AI will fundamentally transform the nature of work and human productivity.,Future Trends
